video,content,resolution,bitrate
F5_scuba_aquarium_res=720_bitrate=0.25.avi,F5_scuba_aquarium,720,0.25
F7_here_and_there_res=1080_bitrate=reference.avi,F7_here_and_there,1080,reference
M2_cheat_code_res=1080_bitrate=reference.avi,M2_cheat_code,1080,reference
F6_layer_after_layer_res=720_bitrate=2.avi,F6_layer_after_layer,720,2
F5_crimson_res=480_bitrate=0.8.avi,F5_crimson,480,0.8
F6_layer_after_layer_res=720_bitrate=0.25.avi,F6_layer_after_layer,720,0.25
M1_scooby_doo_res=720_bitrate=0.8.avi,M1_scooby_doo,720,0.8
F5_scuba_aquarium_res=1080_bitrate=0.8.avi,F5_scuba_aquarium,1080,0.8
F5_crimson_res=1080_bitrate=0.8.avi,F5_crimson,1080,0.8
M2_back_tire_res=1080_bitrate=2.avi,M2_back_tire,1080,2
F5_crimson_res=720_bitrate=0.25.avi,F5_crimson,720,0.25
F12_matching_pattern_res=480_bitrate=2.avi,F12_matching_pattern,480,2
M8_good_English_is_important_res=1080_bitrate=reference.avi,M8_good_English_is_important,1080,reference
F5_scuba_aquarium_res=720_bitrate=2.avi,F5_scuba_aquarium,720,2
F7_here_and_there_res=720_bitrate=2.avi,F7_here_and_there,720,2
M3_died_at_32_res=720_bitrate=2.avi,M3_died_at_32,720,2
M2_cheat_code_res=480_bitrate=0.8.avi,M2_cheat_code,480,0.8
M2_back_tire_res=480_bitrate=2.avi,M2_back_tire,480,2
F7_let_me_think_res=480_bitrate=0.25.avi,F7_let_me_think,480,0.25
M1_scooby_doo_res=1080_bitrate=0.8.avi,M1_scooby_doo,1080,0.8
M4_new_girlfriend_res=480_bitrate=0.25.avi,M4_new_girlfriend,480,0.25
F7_here_and_there_res=720_bitrate=0.8.avi,F7_here_and_there,720,0.8
F7_how_do_I_put_this_res=1080_bitrate=2.avi,F7_how_do_I_put_this,1080,2
M2_back_tire_res=360_bitrate=0.8.avi,M2_back_tire,360,0.8
F7_here_and_there_res=480_bitrate=0.8.avi,F7_here_and_there,480,0.8
F6_layer_after_layer_res=480_bitrate=0.25.avi,F6_layer_after_layer,480,0.25
M5_shotgun_is_heavy_res=720_bitrate=2.avi,M5_shotgun_is_heavy,720,2
M3_died_at_32_res=480_bitrate=0.25.avi,M3_died_at_32,480,0.25
F7_here_and_there_res=720_bitrate=0.25.avi,F7_here_and_there,720,0.25
F7_how_do_I_put_this_res=360_bitrate=0.8.avi,F7_how_do_I_put_this,360,0.8
M4_new_girlfriend_res=720_bitrate=0.8.avi,M4_new_girlfriend,720,0.8
M1_scooby_doo_res=720_bitrate=0.25.avi,M1_scooby_doo,720,0.25
M2_cheat_code_res=1080_bitrate=0.8.avi,M2_cheat_code,1080,0.8
M4_new_girlfriend_res=480_bitrate=0.8.avi,M4_new_girlfriend,480,0.8
M2_cheat_code_res=360_bitrate=0.8.avi,M2_cheat_code,360,0.8
M4_tshirt_says_captain_res=480_bitrate=0.8.avi,M4_tshirt_says_captain,480,0.8
M2_back_tire_res=720_bitrate=0.25.avi,M2_back_tire,720,0.25
M5_shotgun_is_heavy_res=720_bitrate=0.25.avi,M5_shotgun_is_heavy,720,0.25
F7_let_me_think_res=1080_bitrate=reference.avi,F7_let_me_think,1080,reference
F6_layer_after_layer_res=360_bitrate=0.8.avi,F6_layer_after_layer,360,0.8
M5_shotgun_is_heavy_res=1080_bitrate=2.avi,M5_shotgun_is_heavy,1080,2
F12_matching_pattern_res=1080_bitrate=reference.avi,F12_matching_pattern,1080,reference
F7_here_and_there_res=1080_bitrate=2.avi,F7_here_and_there,1080,2
F7_let_me_think_res=720_bitrate=0.8.avi,F7_let_me_think,720,0.8
M2_back_tire_res=480_bitrate=0.8.avi,M2_back_tire,480,0.8
F7_how_do_I_put_this_res=720_bitrate=0.25.avi,F7_how_do_I_put_this,720,0.25
F6_layer_after_layer_res=1080_bitrate=0.8.avi,F6_layer_after_layer,1080,0.8
M4_tshirt_says_captain_res=1080_bitrate=2.avi,M4_tshirt_says_captain,1080,2
F6_layer_after_layer_res=480_bitrate=0.8.avi,F6_layer_after_layer,480,0.8
F7_let_me_think_res=480_bitrate=2.avi,F7_let_me_think,480,2
M2_cheat_code_res=720_bitrate=2.avi,M2_cheat_code,720,2
M4_new_girlfriend_res=1080_bitrate=reference.avi,M4_new_girlfriend,1080,reference
F7_let_me_think_res=360_bitrate=0.8.avi,F7_let_me_think,360,0.8
F12_matching_pattern_res=480_bitrate=0.25.avi,F12_matching_pattern,480,0.25
M4_new_girlfriend_res=480_bitrate=2.avi,M4_new_girlfriend,480,2
M4_tshirt_says_captain_res=480_bitrate=2.avi,M4_tshirt_says_captain,480,2
M5_shotgun_is_heavy_res=480_bitrate=0.25.avi,M5_shotgun_is_heavy,480,0.25
F12_matching_pattern_res=1080_bitrate=0.8.avi,F12_matching_pattern,1080,0.8
F5_scuba_aquarium_res=360_bitrate=0.8.avi,F5_scuba_aquarium,360,0.8
M4_tshirt_says_captain_res=720_bitrate=2.avi,M4_tshirt_says_captain,720,2
M1_scooby_doo_res=480_bitrate=2.avi,M1_scooby_doo,480,2
F7_how_do_I_put_this_res=720_bitrate=2.avi,F7_how_do_I_put_this,720,2
M1_scooby_doo_res=480_bitrate=0.8.avi,M1_scooby_doo,480,0.8
M8_good_English_is_important_res=480_bitrate=2.avi,M8_good_English_is_important,480,2
M2_cheat_code_res=480_bitrate=0.25.avi,M2_cheat_code,480,0.25
M2_back_tire_res=1080_bitrate=0.8.avi,M2_back_tire,1080,0.8
M4_tshirt_says_captain_res=720_bitrate=0.25.avi,M4_tshirt_says_captain,720,0.25
F6_layer_after_layer_res=720_bitrate=0.8.avi,F6_layer_after_layer,720,0.8
M5_shotgun_is_heavy_res=480_bitrate=2.avi,M5_shotgun_is_heavy,480,2
M8_good_English_is_important_res=720_bitrate=0.25.avi,M8_good_English_is_important,720,0.25
F5_scuba_aquarium_res=1080_bitrate=reference.avi,F5_scuba_aquarium,1080,reference
M8_good_English_is_important_res=480_bitrate=0.8.avi,M8_good_English_is_important,480,0.8
M3_died_at_32_res=480_bitrate=2.avi,M3_died_at_32,480,2
F7_let_me_think_res=1080_bitrate=0.8.avi,F7_let_me_think,1080,0.8
M5_shotgun_is_heavy_res=720_bitrate=0.8.avi,M5_shotgun_is_heavy,720,0.8
M8_good_English_is_important_res=720_bitrate=0.8.avi,M8_good_English_is_important,720,0.8
M5_shotgun_is_heavy_res=360_bitrate=0.8.avi,M5_shotgun_is_heavy,360,0.8
F12_matching_pattern_res=480_bitrate=0.8.avi,F12_matching_pattern,480,0.8
M2_back_tire_res=720_bitrate=2.avi,M2_back_tire,720,2
F5_scuba_aquarium_res=720_bitrate=0.8.avi,F5_scuba_aquarium,720,0.8
M4_tshirt_says_captain_res=480_bitrate=0.25.avi,M4_tshirt_says_captain,480,0.25
M3_died_at_32_res=360_bitrate=0.8.avi,M3_died_at_32,360,0.8
F7_how_do_I_put_this_res=480_bitrate=0.25.avi,F7_how_do_I_put_this,480,0.25
F5_scuba_aquarium_res=480_bitrate=0.25.avi,F5_scuba_aquarium,480,0.25
M5_shotgun_is_heavy_res=1080_bitrate=0.8.avi,M5_shotgun_is_heavy,1080,0.8
F5_scuba_aquarium_res=480_bitrate=0.8.avi,F5_scuba_aquarium,480,0.8
M3_died_at_32_res=1080_bitrate=0.8.avi,M3_died_at_32,1080,0.8
F5_crimson_res=360_bitrate=0.8.avi,F5_crimson,360,0.8
M5_shotgun_is_heavy_res=1080_bitrate=reference.avi,M5_shotgun_is_heavy,1080,reference
M2_cheat_code_res=720_bitrate=0.8.avi,M2_cheat_code,720,0.8
F12_matching_pattern_res=720_bitrate=2.avi,F12_matching_pattern,720,2
M4_tshirt_says_captain_res=720_bitrate=0.8.avi,M4_tshirt_says_captain,720,0.8
M1_scooby_doo_res=360_bitrate=0.8.avi,M1_scooby_doo,360,0.8
F7_let_me_think_res=1080_bitrate=2.avi,F7_let_me_think,1080,2
M1_scooby_doo_res=1080_bitrate=2.avi,M1_scooby_doo,1080,2
F5_crimson_res=1080_bitrate=2.avi,F5_crimson,1080,2
F7_here_and_there_res=360_bitrate=0.8.avi,F7_here_and_there,360,0.8
F5_crimson_res=720_bitrate=2.avi,F5_crimson,720,2
M4_tshirt_says_captain_res=1080_bitrate=reference.avi,M4_tshirt_says_captain,1080,reference
F7_here_and_there_res=1080_bitrate=0.8.avi,F7_here_and_there,1080,0.8
M4_tshirt_says_captain_res=1080_bitrate=0.8.avi,M4_tshirt_says_captain,1080,0.8
F6_layer_after_layer_res=1080_bitrate=2.avi,F6_layer_after_layer,1080,2
F12_matching_pattern_res=1080_bitrate=2.avi,F12_matching_pattern,1080,2
M8_good_English_is_important_res=720_bitrate=2.avi,M8_good_English_is_important,720,2
F7_let_me_think_res=720_bitrate=2.avi,F7_let_me_think,720,2
F12_matching_pattern_res=720_bitrate=0.25.avi,F12_matching_pattern,720,0.25
F5_crimson_res=1080_bitrate=reference.avi,F5_crimson,1080,reference
M4_tshirt_says_captain_res=360_bitrate=0.8.avi,M4_tshirt_says_captain,360,0.8
M8_good_English_is_important_res=1080_bitrate=2.avi,M8_good_English_is_important,1080,2
M4_new_girlfriend_res=720_bitrate=0.25.avi,M4_new_girlfriend,720,0.25
M3_died_at_32_res=1080_bitrate=2.avi,M3_died_at_32,1080,2
F6_layer_after_layer_res=480_bitrate=2.avi,F6_layer_after_layer,480,2
F7_let_me_think_res=480_bitrate=0.8.avi,F7_let_me_think,480,0.8
M1_scooby_doo_res=720_bitrate=2.avi,M1_scooby_doo,720,2
M2_back_tire_res=1080_bitrate=reference.avi,M2_back_tire,1080,reference
M1_scooby_doo_res=1080_bitrate=reference.avi,M1_scooby_doo,1080,reference
M2_cheat_code_res=1080_bitrate=2.avi,M2_cheat_code,1080,2
M8_good_English_is_important_res=480_bitrate=0.25.avi,M8_good_English_is_important,480,0.25
F5_crimson_res=480_bitrate=0.25.avi,F5_crimson,480,0.25
F7_how_do_I_put_this_res=1080_bitrate=reference.avi,F7_how_do_I_put_this,1080,reference
F5_scuba_aquarium_res=1080_bitrate=2.avi,F5_scuba_aquarium,1080,2
F7_how_do_I_put_this_res=1080_bitrate=0.8.avi,F7_how_do_I_put_this,1080,0.8
M2_back_tire_res=480_bitrate=0.25.avi,M2_back_tire,480,0.25
M8_good_English_is_important_res=1080_bitrate=0.8.avi,M8_good_English_is_important,1080,0.8
F7_here_and_there_res=480_bitrate=2.avi,F7_here_and_there,480,2
M2_back_tire_res=720_bitrate=0.8.avi,M2_back_tire,720,0.8
F7_how_do_I_put_this_res=720_bitrate=0.8.avi,F7_how_do_I_put_this,720,0.8
M3_died_at_32_res=720_bitrate=0.8.avi,M3_died_at_32,720,0.8
M4_new_girlfriend_res=720_bitrate=2.avi,M4_new_girlfriend,720,2
M3_died_at_32_res=480_bitrate=0.8.avi,M3_died_at_32,480,0.8
M4_new_girlfriend_res=1080_bitrate=2.avi,M4_new_girlfriend,1080,2
F7_how_do_I_put_this_res=480_bitrate=2.avi,F7_how_do_I_put_this,480,2
M4_new_girlfriend_res=1080_bitrate=0.8.avi,M4_new_girlfriend,1080,0.8
F7_how_do_I_put_this_res=480_bitrate=0.8.avi,F7_how_do_I_put_this,480,0.8
F5_scuba_aquarium_res=480_bitrate=2.avi,F5_scuba_aquarium,480,2
F5_crimson_res=480_bitrate=2.avi,F5_crimson,480,2
M8_good_English_is_important_res=360_bitrate=0.8.avi,M8_good_English_is_important,360,0.8
F12_matching_pattern_res=720_bitrate=0.8.avi,F12_matching_pattern,720,0.8
M2_cheat_code_res=480_bitrate=2.avi,M2_cheat_code,480,2
M1_scooby_doo_res=480_bitrate=0.25.avi,M1_scooby_doo,480,0.25
F7_here_and_there_res=480_bitrate=0.25.avi,F7_here_and_there,480,0.25
M4_new_girlfriend_res=360_bitrate=0.8.avi,M4_new_girlfriend,360,0.8
M2_cheat_code_res=720_bitrate=0.25.avi,M2_cheat_code,720,0.25
F12_matching_pattern_res=360_bitrate=0.8.avi,F12_matching_pattern,360,0.8
M5_shotgun_is_heavy_res=480_bitrate=0.8.avi,M5_shotgun_is_heavy,480,0.8
F5_crimson_res=720_bitrate=0.8.avi,F5_crimson,720,0.8
M3_died_at_32_res=1080_bitrate=reference.avi,M3_died_at_32,1080,reference
F7_let_me_think_res=720_bitrate=0.25.avi,F7_let_me_think,720,0.25
M3_died_at_32_res=720_bitrate=0.25.avi,M3_died_at_32,720,0.25
F6_layer_after_layer_res=1080_bitrate=reference.avi,F6_layer_after_layer,1080,reference
